URL antiga;URL final;Tratamento;Tipo;Validação;Justificativa
"https://reecell.com.br/";"https://reecell.com.br/";"preservada";"page";"200 HTTP local; hospedagem pendente";"Página existente preservada no mesmo endereço."
"https://reecell.com.br/2026/06/08/celular-caiu-na-agua-o-que-fazer/";"https://reecell.com.br/2026/06/08/celular-caiu-na-agua-o-que-fazer/";"preservada";"article";"200 HTTP local; hospedagem pendente";"Artigo já existe no Astro com a mesma data e slug; conteúdo atual mantido."
"https://reecell.com.br/2026/06/08/celular-desligando-sozinho-bateria-sistema-placa/";"https://reecell.com.br/2026/06/08/celular-desligando-sozinho-bateria-sistema-placa/";"preservada";"article";"200 HTTP local; hospedagem pendente";"Artigo já existe no Astro com a mesma data e slug; conteúdo atual mantido."
"https://reecell.com.br/2026/06/08/celular-nao-liga-principais-causas/";"https://reecell.com.br/2026/06/08/celular-nao-liga-principais-causas/";"preservada";"article";"200 HTTP local; hospedagem pendente";"Artigo já existe no Astro com a mesma data e slug; conteúdo atual mantido."
"https://reecell.com.br/2026/06/08/conector-de-carga-com-defeito-sinais/";"https://reecell.com.br/2026/06/08/conector-de-carga-com-defeito-sinais/";"preservada";"article";"200 HTTP local; hospedagem pendente";"Artigo já existe no Astro com a mesma data e slug; conteúdo atual mantido."
"https://reecell.com.br/2026/06/08/iphone-nao-carrega-causas-solucoes/";"https://reecell.com.br/2026/06/08/iphone-nao-carrega-causas-solucoes/";"preservada";"article";"200 HTTP local; hospedagem pendente";"Artigo já existe no Astro com a mesma data e slug; conteúdo atual mantido."
"https://reecell.com.br/2026/06/08/onde-consertar-celular-em-bombinhas-com-seguranca/";"https://reecell.com.br/2026/06/08/onde-consertar-celular-em-bombinhas-com-seguranca/";"preservada";"article";"200 HTTP local; hospedagem pendente";"Artigo já existe no Astro com a mesma data e slug; conteúdo atual mantido."
"https://reecell.com.br/2026/06/08/samsung-com-tela-verde-o-que-pode-ser/";"https://reecell.com.br/2026/06/08/samsung-com-tela-verde-o-que-pode-ser/";"preservada";"article";"200 HTTP local; hospedagem pendente";"Artigo já existe no Astro com a mesma data e slug; conteúdo atual mantido."
"https://reecell.com.br/2026/06/08/tela-de-celular-bombinhas/";"https://reecell.com.br/2026/06/08/tela-de-celular-bombinhas/";"preservada";"article";"200 HTTP local; hospedagem pendente";"Artigo já existe no Astro com a mesma data e slug; conteúdo atual mantido."
"https://reecell.com.br/2026/06/08/tela-trincada-do-celular-posso-continuar-usando-ou-devo-trocar/";"https://reecell.com.br/2026/06/08/tela-trincada-do-celular-posso-continuar-usando-ou-devo-trocar/";"preservada";"article";"200 HTTP local; hospedagem pendente";"Artigo já existe no Astro com a mesma data e slug; conteúdo atual mantido."
"https://reecell.com.br/2026/06/08/troca-de-bateria-de-celular-sinais/";"https://reecell.com.br/2026/06/08/troca-de-bateria-de-celular-sinais/";"preservada";"article";"200 HTTP local; hospedagem pendente";"Artigo já existe no Astro com a mesma data e slug; conteúdo atual mantido."
"https://reecell.com.br/2026/06/15/celular-carregando-lentamente/";"https://reecell.com.br/2026/06/15/celular-carregando-lentamente/";"preservada";"article";"200 HTTP local; hospedagem pendente";"Artigo já existe no Astro com a mesma data e slug; conteúdo atual mantido."
"https://reecell.com.br/2026/06/15/celular-molhou-na-praia/";"https://reecell.com.br/2026/06/15/celular-molhou-na-praia/";"preservada";"article";"200 HTTP local; hospedagem pendente";"Artigo já existe no Astro com a mesma data e slug; conteúdo atual mantido."
"https://reecell.com.br/2026/06/15/iphone-com-tela-quebrada-em-bombinhas/";"https://reecell.com.br/2026/06/15/iphone-com-tela-quebrada-em-bombinhas/";"preservada";"article";"200 HTTP local; hospedagem pendente";"Artigo já existe no Astro com a mesma data e slug; conteúdo atual mantido."
"https://reecell.com.br/2026/06/16/alto-falante-ou-microfone-do-celular-nao-funciona/";"https://reecell.com.br/2026/06/16/alto-falante-ou-microfone-do-celular-nao-funciona/";"preservada";"article";"200 HTTP local; hospedagem pendente";"Artigo já existe no Astro com a mesma data e slug; conteúdo atual mantido."
"https://reecell.com.br/2026/06/16/assistencia-tecnica-celular-bombinhas/";"https://reecell.com.br/2026/06/16/assistencia-tecnica-celular-bombinhas/";"preservada";"article";"200 HTTP local; hospedagem pendente";"Artigo já existe no Astro com a mesma data e slug; conteúdo atual mantido."
"https://reecell.com.br/2026/06/16/assistencia-tecnica-de-celular-confiavel-em-bombinhas/";"https://reecell.com.br/2026/06/16/assistencia-tecnica-de-celular-confiavel-em-bombinhas/";"preservada";"article";"200 HTTP local; hospedagem pendente";"Artigo já existe no Astro com a mesma data e slug; conteúdo atual mantido."
"https://reecell.com.br/2026/06/16/assistencia-tecnica-para-celular-em-bombinhas-quando-procurar/";"https://reecell.com.br/2026/06/16/assistencia-tecnica-para-celular-em-bombinhas-quando-procurar/";"preservada";"article";"200 HTTP local; hospedagem pendente";"Artigo já existe no Astro com a mesma data e slug; conteúdo atual mantido."
"https://reecell.com.br/2026/06/16/botao-power-ou-volume-parou-de-funcionar/";"https://reecell.com.br/2026/06/16/botao-power-ou-volume-parou-de-funcionar/";"preservada";"article";"200 HTTP local; hospedagem pendente";"Artigo já existe no Astro com a mesma data e slug; conteúdo atual mantido."
"https://reecell.com.br/2026/06/16/camera-do-celular-embacada-ou-tremendo/";"https://reecell.com.br/2026/06/16/camera-do-celular-embacada-ou-tremendo/";"preservada";"article";"200 HTTP local; hospedagem pendente";"Artigo já existe no Astro com a mesma data e slug; conteúdo atual mantido."
"https://reecell.com.br/2026/06/16/celular-esquentando-muito/";"https://reecell.com.br/2026/06/16/celular-esquentando-muito/";"preservada";"article";"200 HTTP local; hospedagem pendente";"Artigo já existe no Astro com a mesma data e slug; conteúdo atual mantido."
"https://reecell.com.br/2026/06/16/como-proteger-seu-celular-em-bombinhas/";"https://reecell.com.br/2026/06/16/como-proteger-seu-celular-em-bombinhas/";"preservada";"article";"200 HTTP local; hospedagem pendente";"Artigo já existe no Astro com a mesma data e slug; conteúdo atual mantido."
"https://reecell.com.br/2026/08/04/melhores-assistencias-tecnicas-de-celular-em-bombinhas/";"https://reecell.com.br/2026/08/04/melhores-assistencias-tecnicas-de-celular-em-bombinhas/";"preservada";"article";"200 HTTP local; hospedagem pendente";"Artigo já existe no Astro com a mesma data e slug; conteúdo atual mantido."
"https://reecell.com.br/2026/08/04/melhores-lojas-de-celulares-em-bombinhas/";"https://reecell.com.br/2026/08/04/melhores-lojas-de-celulares-em-bombinhas/";"preservada";"article";"200 HTTP local; hospedagem pendente";"Artigo já existe no Astro com a mesma data e slug; conteúdo atual mantido."
"https://reecell.com.br/author-sitemap.xml";"https://reecell.com.br/sitemap.xml";"301";"sitemap";"301 → 200 HTTP local; hospedagem pendente";"Sitemap legado substituído pelo sitemap XML único com as URLs finais."
"https://reecell.com.br/author/gabriel-souza/";"https://reecell.com.br/author/gabriel-souza/";"preservada";"author";"200 HTTP local; hospedagem pendente";"Arquivo de autor com 10 artigos nesta página; associação, ordem e paginação confirmadas no HTML WordPress, incluindo categorias filhas."
"https://reecell.com.br/author/gabriel-souza/page/2/";"https://reecell.com.br/author/gabriel-souza/page/2/";"preservada";"author";"200 HTTP local; hospedagem pendente";"Arquivo de autor com 10 artigos nesta página; associação, ordem e paginação confirmadas no HTML WordPress, incluindo categorias filhas."
"https://reecell.com.br/author/gabriel-souza/page/3/";"https://reecell.com.br/author/gabriel-souza/page/3/";"preservada";"author";"200 HTTP local; hospedagem pendente";"Arquivo de autor com 3 artigos nesta página; associação, ordem e paginação confirmadas no HTML WordPress, incluindo categorias filhas."
"https://reecell.com.br/blog/";"https://reecell.com.br/blog/";"preservada";"page";"200 HTTP local; hospedagem pendente";"Página existente preservada no mesmo endereço."
"https://reecell.com.br/category-sitemap.xml";"https://reecell.com.br/sitemap.xml";"301";"sitemap";"301 → 200 HTTP local; hospedagem pendente";"Sitemap legado substituído pelo sitemap XML único com as URLs finais."
"https://reecell.com.br/category/uncategorized/";"https://reecell.com.br/category/uncategorized/";"preservada";"category";"200 HTTP local; hospedagem pendente";"Arquivo de categoria com 10 artigos nesta página; associação, ordem e paginação confirmadas no HTML WordPress, incluindo categorias filhas."
"https://reecell.com.br/category/uncategorized/assistencia-tecnica/";"https://reecell.com.br/category/uncategorized/assistencia-tecnica/";"preservada";"category";"200 HTTP local; hospedagem pendente";"Arquivo de categoria com 9 artigos nesta página; associação, ordem e paginação confirmadas no HTML WordPress, incluindo categorias filhas."
"https://reecell.com.br/category/uncategorized/page/2/";"https://reecell.com.br/category/uncategorized/page/2/";"preservada";"category";"200 HTTP local; hospedagem pendente";"Arquivo de categoria com 10 artigos nesta página; associação, ordem e paginação confirmadas no HTML WordPress, incluindo categorias filhas."
"https://reecell.com.br/category/uncategorized/page/3/";"https://reecell.com.br/category/uncategorized/page/3/";"preservada";"category";"200 HTTP local; hospedagem pendente";"Arquivo de categoria com 3 artigos nesta página; associação, ordem e paginação confirmadas no HTML WordPress, incluindo categorias filhas."
"https://reecell.com.br/conserto-de-celular-em-bombinhas/";"https://reecell.com.br/conserto-de-celular-em-bombinhas/";"preservada";"page";"200 HTTP local; hospedagem pendente";"Página existente preservada no mesmo endereço."
"https://reecell.com.br/contato-reecell-bombinhas/";"https://reecell.com.br/contato-reecell-bombinhas/";"preservada";"page";"200 HTTP local; hospedagem pendente";"Página existente preservada no mesmo endereço."
"https://reecell.com.br/home-v3/";"https://reecell.com.br/";"301";"page";"301 → 200 HTTP local; hospedagem pendente";"Versão alternativa da página inicial; H1 antigo: Loja de celular em Bombinhas com assistência técnica. A Home atual cumpre a mesma finalidade."
"https://reecell.com.br/page-sitemap.xml";"https://reecell.com.br/sitemap.xml";"301";"sitemap";"301 → 200 HTTP local; hospedagem pendente";"Sitemap legado substituído pelo sitemap XML único com as URLs finais."
"https://reecell.com.br/post_tag-sitemap.xml";"https://reecell.com.br/sitemap.xml";"301";"sitemap";"301 → 200 HTTP local; hospedagem pendente";"Sitemap legado substituído pelo sitemap XML único com as URLs finais."
"https://reecell.com.br/post-sitemap.xml";"https://reecell.com.br/sitemap.xml";"301";"sitemap";"301 → 200 HTTP local; hospedagem pendente";"Sitemap legado substituído pelo sitemap XML único com as URLs finais."
"https://reecell.com.br/sitemap_index.xml";"https://reecell.com.br/sitemap.xml";"301";"sitemap";"301 → 200 HTTP local; hospedagem pendente";"Sitemap legado substituído pelo sitemap XML único com as URLs finais."
"https://reecell.com.br/tag/assistencia-tecnica-bombinhas/";"https://reecell.com.br/tag/assistencia-tecnica-bombinhas/";"preservada";"tag";"200 HTTP local; hospedagem pendente";"Arquivo tem 4 artigo(s) reais. O rótulo “assistência técnica Bombinhas” é mais amplo ou diferente de um artigo isolado; preservados os vínculos originais, sem redirecionar a serviço genérico."
"https://reecell.com.br/tag/assistencia-tecnica-iphone/";"https://reecell.com.br/tag/assistencia-tecnica-iphone/";"preservada";"tag";"200 HTTP local; hospedagem pendente";"Arquivo tem 1 artigo(s) reais. O rótulo “assistência técnica iPhone” é mais amplo ou diferente de um artigo isolado; preservados os vínculos originais, sem redirecionar a serviço genérico."
"https://reecell.com.br/tag/assistencia-tecnica-samsung/";"https://reecell.com.br/tag/assistencia-tecnica-samsung/";"preservada";"tag";"200 HTTP local; hospedagem pendente";"Arquivo tem 1 artigo(s) reais. O rótulo “assistência técnica Samsung” é mais amplo ou diferente de um artigo isolado; preservados os vínculos originais, sem redirecionar a serviço genérico."
"https://reecell.com.br/tag/bateria-de-celular/";"https://reecell.com.br/tag/bateria-de-celular/";"preservada";"tag";"200 HTTP local; hospedagem pendente";"Arquivo tem 2 artigo(s) reais. O rótulo “bateria de celular” é mais amplo ou diferente de um artigo isolado; preservados os vínculos originais, sem redirecionar a serviço genérico."
"https://reecell.com.br/tag/bateria-estufada/";"https://reecell.com.br/tag/bateria-estufada/";"preservada";"tag";"200 HTTP local; hospedagem pendente";"Arquivo tem 1 artigo(s) reais. O rótulo “bateria estufada” é mais amplo ou diferente de um artigo isolado; preservados os vínculos originais, sem redirecionar a serviço genérico."
"https://reecell.com.br/tag/bombinhas/";"https://reecell.com.br/tag/bombinhas/";"preservada";"tag";"200 HTTP local; hospedagem pendente";"Arquivo tem 1 artigo(s) reais. O rótulo “Bombinhas” é mais amplo ou diferente de um artigo isolado; preservados os vínculos originais, sem redirecionar a serviço genérico."
"https://reecell.com.br/tag/celular-descarregando-rapido/";"https://reecell.com.br/tag/celular-descarregando-rapido/";"preservada";"tag";"200 HTTP local; hospedagem pendente";"Arquivo tem 1 artigo(s) reais. O rótulo “celular descarregando rápido” é mais amplo ou diferente de um artigo isolado; preservados os vínculos originais, sem redirecionar a serviço genérico."
"https://reecell.com.br/tag/celular-desligando-sozinho/";"https://reecell.com.br/2026/06/08/celular-desligando-sozinho-bateria-sistema-placa/";"301";"tag";"301 → 200 HTTP local; hospedagem pendente";"Arquivo “celular desligando sozinho” contém somente o artigo de mesmo assunto, confirmado no WordPress. Consolidação direta nesse artigo."
"https://reecell.com.br/tag/celular-molhado/";"https://reecell.com.br/tag/celular-molhado/";"preservada";"tag";"200 HTTP local; hospedagem pendente";"Arquivo tem 1 artigo(s) reais. O rótulo “celular molhado” é mais amplo ou diferente de um artigo isolado; preservados os vínculos originais, sem redirecionar a serviço genérico."
"https://reecell.com.br/tag/celular-nao-carrega/";"https://reecell.com.br/tag/celular-nao-carrega/";"preservada";"tag";"200 HTTP local; hospedagem pendente";"Arquivo tem 1 artigo(s) reais. O rótulo “celular não carrega” é mais amplo ou diferente de um artigo isolado; preservados os vínculos originais, sem redirecionar a serviço genérico."
"https://reecell.com.br/tag/celular-nao-liga/";"https://reecell.com.br/2026/06/08/celular-nao-liga-principais-causas/";"301";"tag";"301 → 200 HTTP local; hospedagem pendente";"Arquivo “celular não liga” contém somente o artigo de mesmo assunto, confirmado no WordPress. Consolidação direta nesse artigo."
"https://reecell.com.br/tag/celular-tela-preta/";"https://reecell.com.br/tag/celular-tela-preta/";"preservada";"tag";"200 HTTP local; hospedagem pendente";"Arquivo tem 1 artigo(s) reais. O rótulo “celular tela preta” é mais amplo ou diferente de um artigo isolado; preservados os vínculos originais, sem redirecionar a serviço genérico."
"https://reecell.com.br/tag/conector-de-carga-com-defeito/";"https://reecell.com.br/2026/06/08/conector-de-carga-com-defeito-sinais/";"301";"tag";"301 → 200 HTTP local; hospedagem pendente";"Arquivo “conector de carga com defeito” contém somente o artigo de mesmo assunto, confirmado no WordPress. Consolidação direta nesse artigo."
"https://reecell.com.br/tag/conector-de-carga/";"https://reecell.com.br/tag/conector-de-carga/";"preservada";"tag";"200 HTTP local; hospedagem pendente";"Arquivo tem 1 artigo(s) reais. O rótulo “conector de carga” é mais amplo ou diferente de um artigo isolado; preservados os vínculos originais, sem redirecionar a serviço genérico."
"https://reecell.com.br/tag/consertar-celular-em-bombinhas/";"https://reecell.com.br/tag/consertar-celular-em-bombinhas/";"preservada";"tag";"200 HTTP local; hospedagem pendente";"Arquivo tem 1 artigo(s) reais. O rótulo “consertar celular em Bombinhas” é mais amplo ou diferente de um artigo isolado; preservados os vínculos originais, sem redirecionar a serviço genérico."
"https://reecell.com.br/tag/conserto-de-celular/";"https://reecell.com.br/tag/conserto-de-celular/";"preservada";"tag";"200 HTTP local; hospedagem pendente";"Arquivo tem 2 artigo(s) reais. O rótulo “conserto de celular” é mais amplo ou diferente de um artigo isolado; preservados os vínculos originais, sem redirecionar a serviço genérico."
"https://reecell.com.br/tag/conserto-de-tela/";"https://reecell.com.br/tag/conserto-de-tela/";"preservada";"tag";"200 HTTP local; hospedagem pendente";"Arquivo tem 1 artigo(s) reais. O rótulo “conserto de tela” é mais amplo ou diferente de um artigo isolado; preservados os vínculos originais, sem redirecionar a serviço genérico."
"https://reecell.com.br/tag/diagnostico-celular/";"https://reecell.com.br/tag/diagnostico-celular/";"preservada";"tag";"200 HTTP local; hospedagem pendente";"Arquivo tem 1 artigo(s) reais. O rótulo “diagnóstico celular” é mais amplo ou diferente de um artigo isolado; preservados os vínculos originais, sem redirecionar a serviço genérico."
"https://reecell.com.br/tag/iphone-bombinhas/";"https://reecell.com.br/tag/iphone-bombinhas/";"preservada";"tag";"200 HTTP local; hospedagem pendente";"Arquivo tem 1 artigo(s) reais. O rótulo “iPhone Bombinhas” é mais amplo ou diferente de um artigo isolado; preservados os vínculos originais, sem redirecionar a serviço genérico."
"https://reecell.com.br/tag/iphone-nao-carrega/";"https://reecell.com.br/2026/06/08/iphone-nao-carrega-causas-solucoes/";"301";"tag";"301 → 200 HTTP local; hospedagem pendente";"Arquivo “iPhone não carrega” contém somente o artigo de mesmo assunto, confirmado no WordPress. Consolidação direta nesse artigo."
"https://reecell.com.br/tag/limpeza-de-conector/";"https://reecell.com.br/tag/limpeza-de-conector/";"preservada";"tag";"200 HTTP local; hospedagem pendente";"Arquivo tem 1 artigo(s) reais. O rótulo “limpeza de conector” é mais amplo ou diferente de um artigo isolado; preservados os vínculos originais, sem redirecionar a serviço genérico."
"https://reecell.com.br/tag/manutencao-de-celular/";"https://reecell.com.br/tag/manutencao-de-celular/";"preservada";"tag";"200 HTTP local; hospedagem pendente";"Arquivo tem 1 artigo(s) reais. O rótulo “manutenção de celular” é mais amplo ou diferente de um artigo isolado; preservados os vínculos originais, sem redirecionar a serviço genérico."
"https://reecell.com.br/tag/problema-na-placa/";"https://reecell.com.br/tag/problema-na-placa/";"preservada";"tag";"200 HTTP local; hospedagem pendente";"Arquivo tem 1 artigo(s) reais. O rótulo “problema na placa” é mais amplo ou diferente de um artigo isolado; preservados os vínculos originais, sem redirecionar a serviço genérico."
"https://reecell.com.br/tag/reecell/";"https://reecell.com.br/tag/reecell/";"preservada";"tag";"200 HTTP local; hospedagem pendente";"Arquivo tem 2 artigo(s) reais. O rótulo “Reecell” é mais amplo ou diferente de um artigo isolado; preservados os vínculos originais, sem redirecionar a serviço genérico."
"https://reecell.com.br/tag/samsung-com-tela-verde/";"https://reecell.com.br/2026/06/08/samsung-com-tela-verde-o-que-pode-ser/";"301";"tag";"301 → 200 HTTP local; hospedagem pendente";"Arquivo “Samsung com tela verde” contém somente o artigo de mesmo assunto, confirmado no WordPress. Consolidação direta nesse artigo."
"https://reecell.com.br/tag/tela-quebrada/";"https://reecell.com.br/tag/tela-quebrada/";"preservada";"tag";"200 HTTP local; hospedagem pendente";"Arquivo tem 1 artigo(s) reais. O rótulo “tela quebrada” é mais amplo ou diferente de um artigo isolado; preservados os vínculos originais, sem redirecionar a serviço genérico."
"https://reecell.com.br/tag/tela-trincada-do-celular/";"https://reecell.com.br/2026/06/08/tela-trincada-do-celular-posso-continuar-usando-ou-devo-trocar/";"301";"tag";"301 → 200 HTTP local; hospedagem pendente";"Arquivo “tela trincada do celular” contém somente o artigo de mesmo assunto, confirmado no WordPress. Consolidação direta nesse artigo."
"https://reecell.com.br/tag/tela-verde-samsung/";"https://reecell.com.br/2026/06/08/samsung-com-tela-verde-o-que-pode-ser/";"301";"tag";"301 → 200 HTTP local; hospedagem pendente";"Arquivo “tela verde Samsung” contém somente o artigo de mesmo assunto, confirmado no WordPress. Consolidação direta nesse artigo."
"https://reecell.com.br/tag/troca-de-bateria/";"https://reecell.com.br/tag/troca-de-bateria/";"preservada";"tag";"200 HTTP local; hospedagem pendente";"Arquivo tem 1 artigo(s) reais. O rótulo “troca de bateria” é mais amplo ou diferente de um artigo isolado; preservados os vínculos originais, sem redirecionar a serviço genérico."
"https://reecell.com.br/tag/troca-de-conector/";"https://reecell.com.br/tag/troca-de-conector/";"preservada";"tag";"200 HTTP local; hospedagem pendente";"Arquivo tem 1 artigo(s) reais. O rótulo “troca de conector” é mais amplo ou diferente de um artigo isolado; preservados os vínculos originais, sem redirecionar a serviço genérico."
"https://reecell.com.br/tag/troca-de-tela-samsung/";"https://reecell.com.br/tag/troca-de-tela-samsung/";"preservada";"tag";"200 HTTP local; hospedagem pendente";"Arquivo tem 1 artigo(s) reais. O rótulo “troca de tela Samsung” é mais amplo ou diferente de um artigo isolado; preservados os vínculos originais, sem redirecionar a serviço genérico."
"https://reecell.com.br/tag/troca-de-tela/";"https://reecell.com.br/tag/troca-de-tela/";"preservada";"tag";"200 HTTP local; hospedagem pendente";"Arquivo tem 1 artigo(s) reais. O rótulo “troca de tela” é mais amplo ou diferente de um artigo isolado; preservados os vínculos originais, sem redirecionar a serviço genérico."
"https://reecell.com.br/troca-de-bateria-de-celular-em-bombinhas/";"https://reecell.com.br/troca-de-bateria-de-celular-em-bombinhas/";"preservada";"page";"200 HTTP local; hospedagem pendente";"Página existente preservada no mesmo endereço."
"https://reecell.com.br/troca-de-tela-de-celular-em-bombinhas/";"https://reecell.com.br/troca-de-tela-de-celular-em-bombinhas/";"preservada";"page";"200 HTTP local; hospedagem pendente";"Página existente preservada no mesmo endereço."
