"url";"slug";"tipo";"title";"h1";"assunto";"keyword";"keywordFonte";"intencao";"status";"acao";"observacao";"fonte"
"https://reecell.com.br/";"";"página";"Assistência técnica de celulares em Bombinhas | ReeCell";"Assistência técnica de celulares em Bombinhas.";"Assistência técnica de celulares em Bombinhas.";"assistência técnica de celulares em Bombinhas";"inferida do conteúdo";"Navegacional: conhecer a empresa ou acessar conteúdo/contato";"já existe e está boa";"MANTER";"Preservar função e URL existentes.";"dist/index.html"
"https://reecell.com.br/2026/06/08/celular-caiu-na-agua-o-que-fazer/";"celular-caiu-na-agua-o-que-fazer";"artigo";"Celular caiu na água: o que fazer antes de levar na assistência? | ReeCell";"Celular caiu na água: o que fazer antes de levar na assistência?";"Informacional: cuidados após contato com líquido";"celular caiu na água";"primaryKeyword declarado";"Informacional: cuidados após contato com líquido";"há canibalização";"EXPANDIR";"Principal provisória do grupo; já contém água do mar, cuidados imediatos e falhas posteriores.";"src/content/blog/celular-caiu-na-agua-o-que-fazer.md"
"https://reecell.com.br/2026/06/08/celular-desligando-sozinho-bateria-sistema-placa/";"celular-desligando-sozinho-bateria-sistema-placa";"artigo";"Celular desligando sozinho: é bateria, sistema ou placa? | ReeCell";"Celular desligando sozinho: é bateria, sistema ou placa?";"Desligamentos: diferenciar bateria, sistema e placa";"celular desligando sozinho";"primaryKeyword declarado";"Informacional: Desligamentos: diferenciar bateria, sistema e placa";"já existe e está boa";"MANTER";"Cobertura suficiente para a intenção atual; manter URL e evitar variações semânticas em novas páginas.";"src/content/blog/celular-desligando-sozinho-bateria-sistema-placa.md"
"https://reecell.com.br/2026/06/08/celular-nao-liga-principais-causas/";"celular-nao-liga-principais-causas";"artigo";"Celular não liga: principais causas e quando procurar assistência | ReeCell";"Celular não liga: principais causas e quando procurar assistência";"Ausência de inicialização e distinção de tela preta";"celular não liga";"primaryKeyword declarado";"Informacional: Ausência de inicialização e distinção de tela preta";"já existe e está boa";"MANTER";"Cobertura suficiente para a intenção atual; manter URL e evitar variações semânticas em novas páginas.";"src/content/blog/celular-nao-liga-principais-causas.md"
"https://reecell.com.br/2026/06/08/conector-de-carga-com-defeito-sinais/";"conector-de-carga-com-defeito-sinais";"artigo";"Conector de carga com defeito: sinais de que precisa trocar | ReeCell";"Conector de carga com defeito: sinais de que precisa trocar";"Mau contato e diagnóstico do conector";"conector de carga com defeito";"primaryKeyword declarado";"Informacional: Mau contato e diagnóstico do conector";"já existe e está boa";"MANTER";"Cobertura suficiente para a intenção atual; manter URL e evitar variações semânticas em novas páginas.";"src/content/blog/conector-de-carga-com-defeito-sinais.md"
"https://reecell.com.br/2026/06/08/iphone-nao-carrega-causas-solucoes/";"iphone-nao-carrega-causas-solucoes";"artigo";"iPhone não carrega: possíveis causas e soluções | ReeCell";"iPhone não carrega: possíveis causas e soluções";"Falha de carregamento no iPhone";"iPhone não carrega";"primaryKeyword declarado";"Informacional: Falha de carregamento no iPhone";"já existe e está boa";"MANTER";"Cobertura suficiente para a intenção atual; manter URL e evitar variações semânticas em novas páginas.";"src/content/blog/iphone-nao-carrega-causas-solucoes.md"
"https://reecell.com.br/2026/06/08/onde-consertar-celular-em-bombinhas-com-seguranca/";"onde-consertar-celular-em-bombinhas-com-seguranca";"artigo";"Onde consertar celular em Bombinhas com segurança? | ReeCell";"Onde consertar celular em Bombinhas com segurança?";"Comercial investigativa: escolher assistência segura";"onde consertar celular em Bombinhas";"primaryKeyword declarado";"Comercial investigativa: escolher assistência segura";"há canibalização";"EXPANDIR";"Principal editorial provisória para escolha segura; incorporar critérios exclusivos do artigo confiável.";"src/content/blog/onde-consertar-celular-em-bombinhas-com-seguranca.md"
"https://reecell.com.br/2026/06/08/samsung-com-tela-verde-o-que-pode-ser/";"samsung-com-tela-verde-o-que-pode-ser";"artigo";"Samsung com tela verde: o que pode ser? | ReeCell";"Samsung com tela verde: o que pode ser?";"Alteração de cor no display Samsung";"Samsung com tela verde";"primaryKeyword declarado";"Informacional: Alteração de cor no display Samsung";"já existe e está boa";"MANTER";"Cobertura suficiente para a intenção atual; manter URL e evitar variações semânticas em novas páginas.";"src/content/blog/samsung-com-tela-verde-o-que-pode-ser.md"
"https://reecell.com.br/2026/06/08/tela-de-celular-bombinhas/";"tela-de-celular-bombinhas";"artigo";"Quanto custa trocar a tela do celular em Bombinhas? Veja o que influencia no valor | ReeCell";"Quanto custa trocar a tela do celular em Bombinhas? Veja o que influencia no valor";"Informacional comercial: fatores do preço da tela";"troca de tela de celular em Bombinhas";"primaryKeyword declarado";"Informacional comercial: fatores do preço da tela";"já existe, mas precisa atualização";"ATUALIZAR";"Title e abertura tratam custo, mas primaryKeyword disputa a keyword do serviço; alinhar metadados ao orçamento, sem inventar valores.";"src/content/blog/tela-de-celular-bombinhas.md"
"https://reecell.com.br/2026/06/08/tela-trincada-do-celular-posso-continuar-usando-ou-devo-trocar/";"tela-trincada-do-celular-posso-continuar-usando-ou-devo-trocar";"artigo";"Tela trincada do celular: posso continuar usando ou devo trocar? | ReeCell";"Tela trincada do celular: posso continuar usando ou devo trocar?";"Riscos de uso e decisão após trincar a tela";"tela trincada do celular";"primaryKeyword declarado";"Informacional: Riscos de uso e decisão após trincar a tela";"já existe e está boa";"MANTER";"Cobertura suficiente para a intenção atual; manter URL e evitar variações semânticas em novas páginas.";"src/content/blog/tela-trincada-do-celular-posso-continuar-usando-ou-devo-trocar.md"
"https://reecell.com.br/2026/06/08/troca-de-bateria-de-celular-sinais/";"troca-de-bateria-de-celular-sinais";"artigo";"Troca de bateria de celular: sinais de que está na hora | ReeCell";"Troca de bateria de celular: sinais de que está na hora";"Sinais de desgaste e decisão de trocar bateria";"troca de bateria de celular";"primaryKeyword declarado";"Informacional: Sinais de desgaste e decisão de trocar bateria";"já existe e está boa";"MANTER";"Cobertura suficiente para a intenção atual; manter URL e evitar variações semânticas em novas páginas.";"src/content/blog/troca-de-bateria-de-celular-sinais.md"
"https://reecell.com.br/2026/06/15/celular-carregando-lentamente/";"celular-carregando-lentamente";"artigo";"Celular Carregando Lentamente: Carregador ou Aparelho? | ReeCell";"Celular Carregando Lentamente: Carregador ou Aparelho?";"Carga lenta: cabo, adaptador, temperatura e aparelho";"celular carregando lentamente";"primaryKeyword declarado";"Informacional: Carga lenta: cabo, adaptador, temperatura e aparelho";"já existe e está boa";"MANTER";"Cobertura suficiente para a intenção atual; manter URL e evitar variações semânticas em novas páginas.";"src/content/blog/celular-carregando-lentamente.md"
"https://reecell.com.br/2026/06/15/celular-molhou-na-praia/";"celular-molhou-na-praia";"artigo";"Celular Molhou na Praia: O Que Fazer Para Evitar Perda Total | ReeCell";"Celular Molhou na Praia: O Que Fazer Para Evitar Perda Total";"Informacional: cuidados após contato com líquido";"celular molhou na praia";"primaryKeyword declarado";"Informacional: cuidados após contato com líquido";"há canibalização";"CONSOLIDAR";"Repete primeiros cuidados, práticas a evitar e FAQs do artigo caiu na água; incorporar areia e resistência à água na principal.";"src/content/blog/celular-molhou-na-praia.md"
"https://reecell.com.br/2026/06/15/iphone-com-tela-quebrada-em-bombinhas/";"iphone-com-tela-quebrada-em-bombinhas";"artigo";"iPhone com Tela Quebrada em Bombinhas: Vale Consertar? | ReeCell";"iPhone com Tela Quebrada em Bombinhas: Vale Consertar?";"Informacional comercial: decidir reparar iPhone ou substituí-lo";"iPhone com tela quebrada em Bombinhas";"primaryKeyword declarado";"Informacional comercial: decidir reparar iPhone ou substituí-lo";"já existe, mas precisa atualização";"ATUALIZAR";"Preservar decisão econômica e cuidados do iPhone; boa parte dos sintomas é genérica e se repete no artigo tela trincada.";"src/content/blog/iphone-com-tela-quebrada-em-bombinhas.md"
"https://reecell.com.br/2026/06/16/alto-falante-ou-microfone-do-celular-nao-funciona/";"alto-falante-ou-microfone-do-celular-nao-funciona";"artigo";"Alto-falante ou Microfone do Celular Não Funciona? | ReeCell";"Alto-falante ou Microfone do Celular Não Funciona?";"Distinguir falha de reprodução, gravação, Bluetooth e aplicativos";"alto-falante ou microfone do celular não funciona";"primaryKeyword declarado";"Informacional: Distinguir falha de reprodução, gravação, Bluetooth e aplicativos";"já existe e está boa";"MANTER";"Cobertura suficiente para a intenção atual; manter URL e evitar variações semânticas em novas páginas.";"src/content/blog/alto-falante-ou-microfone-do-celular-nao-funciona.md"
"https://reecell.com.br/2026/06/16/assistencia-tecnica-celular-bombinhas/";"assistencia-tecnica-celular-bombinhas";"artigo";"Assistência técnica de celular em Bombinhas: serviços e avaliação | ReeCell";"Assistência técnica de celular em Bombinhas: serviços e avaliação";"Comercial local: encontrar serviços e avaliação";"assistência técnica de celular em Bombinhas";"primaryKeyword declarado";"Comercial local: encontrar serviços e avaliação";"há canibalização";"CONSOLIDAR";"Candidato editorial; repete catálogo e avaliação da página de conserto. Transferir detalhes úteis para o serviço antes de considerar 301.";"src/content/blog/assistencia-tecnica-celular-bombinhas.md"
"https://reecell.com.br/2026/06/16/assistencia-tecnica-de-celular-confiavel-em-bombinhas/";"assistencia-tecnica-de-celular-confiavel-em-bombinhas";"artigo";"Assistência Técnica de Celular Confiável em Bombinhas | ReeCell";"Assistência Técnica de Celular Confiável em Bombinhas";"Comercial investigativa: escolher assistência segura";"assistência técnica de celular confiável em Bombinhas";"primaryKeyword declarado";"Comercial investigativa: escolher assistência segura";"há canibalização";"CONSOLIDAR";"Mesmo problema e critérios do artigo onde-consertar: diagnóstico, orçamento, peças e garantia.";"src/content/blog/assistencia-tecnica-de-celular-confiavel-em-bombinhas.md"
"https://reecell.com.br/2026/06/16/assistencia-tecnica-para-celular-em-bombinhas-quando-procurar/";"assistencia-tecnica-para-celular-em-bombinhas-quando-procurar";"artigo";"Assistência Técnica para Celular em Bombinhas: Quando Procurar? | ReeCell";"Assistência Técnica para Celular em Bombinhas: Quando Procurar?";"Informacional: reconhecer quando buscar avaliação";"assistência técnica para celular em Bombinhas";"primaryKeyword declarado";"Informacional: reconhecer quando buscar avaliação";"já existe, mas precisa atualização";"ATUALIZAR";"Concentrar em sinais e momento da avaliação; reduzir catálogo e escolha de loja repetidos.";"src/content/blog/assistencia-tecnica-para-celular-em-bombinhas-quando-procurar.md"
"https://reecell.com.br/2026/06/16/botao-power-ou-volume-parou-de-funcionar/";"botao-power-ou-volume-parou-de-funcionar";"artigo";"Botão Power ou Volume Parou de Funcionar: Tem Conserto? | ReeCell";"Botão Power ou Volume Parou de Funcionar: Tem Conserto?";"Falha mecânica e funcional de botões";"botão power ou volume parou de funcionar";"primaryKeyword declarado";"Informacional: Falha mecânica e funcional de botões";"já existe e está boa";"MANTER";"Cobertura suficiente para a intenção atual; manter URL e evitar variações semânticas em novas páginas.";"src/content/blog/botao-power-ou-volume-parou-de-funcionar.md"
"https://reecell.com.br/2026/06/16/camera-do-celular-embacada-ou-tremendo/";"camera-do-celular-embacada-ou-tremendo";"artigo";"Câmera do Celular Embaçada ou Tremendo: O Que Pode Ser? | ReeCell";"Câmera do Celular Embaçada ou Tremendo: O Que Pode Ser?";"Lente, foco, estabilização e aplicativos";"câmera do celular embaçada ou tremendo";"primaryKeyword declarado";"Informacional: Lente, foco, estabilização e aplicativos";"já existe e está boa";"MANTER";"Cobertura suficiente para a intenção atual; manter URL e evitar variações semânticas em novas páginas.";"src/content/blog/camera-do-celular-embacada-ou-tremendo.md"
"https://reecell.com.br/2026/06/16/celular-esquentando-muito/";"celular-esquentando-muito";"artigo";"Celular Esquentando Muito: Causas e Riscos Para o Aparelho | ReeCell";"Celular Esquentando Muito: Causas e Riscos Para o Aparelho";"Aquecimento: causas, sinais e avaliação";"celular esquentando muito";"primaryKeyword declarado";"Informacional: Aquecimento: causas, sinais e avaliação";"já existe e está boa";"MANTER";"Cobertura suficiente para a intenção atual; manter URL e evitar variações semânticas em novas páginas.";"src/content/blog/celular-esquentando-muito.md"
"https://reecell.com.br/2026/06/16/como-proteger-seu-celular-em-bombinhas/";"como-proteger-seu-celular-em-bombinhas";"artigo";"Como Proteger Seu Celular em Bombinhas: Película e Capinha | ReeCell";"Como Proteger Seu Celular em Bombinhas: Película e Capinha";"Prevenção com acessórios e cuidados no litoral";"como proteger seu celular em Bombinhas";"primaryKeyword declarado";"Informacional: Prevenção com acessórios e cuidados no litoral";"já existe e está boa";"MANTER";"Cobertura suficiente para a intenção atual; manter URL e evitar variações semânticas em novas páginas.";"src/content/blog/como-proteger-seu-celular-em-bombinhas.md"
"https://reecell.com.br/2026/08/04/melhores-assistencias-tecnicas-de-celular-em-bombinhas/";"melhores-assistencias-tecnicas-de-celular-em-bombinhas";"artigo";"Melhores assistências técnicas de celular em Bombinhas | ReeCell";"Melhores assistências técnicas de celular em Bombinhas";"Comercial investigativa: comparar prestadores de reparo";"melhores assistências técnicas de celular em Bombinhas";"primaryKeyword declarado";"Comercial investigativa: comparar prestadores de reparo";"já existe, mas precisa atualização";"ATUALIZAR";"Manter comparação de prestadores; reduzir guia genérico repetido e revalidar dados de terceiros.";"src/content/blog/melhores-assistencias-tecnicas-de-celular-em-bombinhas.md"
"https://reecell.com.br/2026/08/04/melhores-lojas-de-celulares-em-bombinhas/";"melhores-lojas-de-celulares-em-bombinhas";"artigo";"Melhores lojas de celulares em Bombinhas | ReeCell";"Melhores lojas de celulares em Bombinhas";"Comercial investigativa: comparar lojas e acessórios";"melhores lojas de celulares em Bombinhas";"primaryKeyword declarado";"Comercial investigativa: comparar lojas e acessórios";"já existe, mas precisa atualização";"ATUALIZAR";"Diferenciar compra/acessórios do guia de assistências; revalidar dados de terceiros antes de atualizar.";"src/content/blog/melhores-lojas-de-celulares-em-bombinhas.md"
"https://reecell.com.br/404.html";"404.html";"erro";"Página não encontrada | ReeCell";"Página não encontrada";"Página não encontrada";"Página não encontrada";"inferida do conteúdo";"Navegacional: conhecer a empresa ou acessar conteúdo/contato";"fora do planejamento editorial";"MANTER";"Preservar função e URL existentes.";"dist/404.html"
"https://reecell.com.br/author/gabriel-souza/";"gabriel-souza";"arquivo";"Autor: Gabriel Souza | ReeCell";"Autor: Gabriel Souza";"Autor: Gabriel Souza";"Autor: Gabriel Souza";"inferida do conteúdo";"Navegacional: reunir artigos associados";"fora do planejamento editorial";"MANTER";"Preservar função e URL existentes.";"src/pages/[...legacy].astro"
"https://reecell.com.br/author/gabriel-souza/page/2/";"2";"arquivo";"Autor: Gabriel Souza — Página 2 | ReeCell";"Autor: Gabriel Souza — Página 2";"Autor: Gabriel Souza";"Autor: Gabriel Souza — Página 2";"inferida do conteúdo";"Navegacional: reunir artigos associados";"fora do planejamento editorial";"MANTER";"Preservar função e URL existentes.";"src/pages/[...legacy].astro"
"https://reecell.com.br/author/gabriel-souza/page/3/";"3";"arquivo";"Autor: Gabriel Souza — Página 3 | ReeCell";"Autor: Gabriel Souza — Página 3";"Autor: Gabriel Souza";"Autor: Gabriel Souza — Página 3";"inferida do conteúdo";"Navegacional: reunir artigos associados";"fora do planejamento editorial";"MANTER";"Preservar função e URL existentes.";"src/pages/[...legacy].astro"
"https://reecell.com.br/blog/";"blog";"página";"Blog ReeCell";"Entenda melhor o seu celular.";"Entenda melhor o seu celular.";"blog ReeCell";"inferida do conteúdo";"Navegacional: conhecer a empresa ou acessar conteúdo/contato";"já existe e está boa";"MANTER";"Preservar função e URL existentes.";"dist/blog/index.html"
"https://reecell.com.br/category/uncategorized/";"uncategorized";"arquivo";"Categoria: Uncategorized | ReeCell";"Categoria: Uncategorized";"Categoria: Uncategorized";"Categoria: Uncategorized";"inferida do conteúdo";"Navegacional: reunir artigos associados";"fora do planejamento editorial";"MANTER";"Preservar função e URL existentes.";"src/pages/[...legacy].astro"
"https://reecell.com.br/category/uncategorized/assistencia-tecnica/";"assistencia-tecnica";"arquivo";"Categoria: Assistência Técnica | ReeCell";"Categoria: Assistência Técnica";"Categoria: Assistência Técnica";"Categoria: Assistência Técnica";"inferida do conteúdo";"Navegacional: reunir artigos associados";"fora do planejamento editorial";"MANTER";"Preservar função e URL existentes.";"src/pages/[...legacy].astro"
"https://reecell.com.br/category/uncategorized/page/2/";"2";"arquivo";"Categoria: Uncategorized — Página 2 | ReeCell";"Categoria: Uncategorized — Página 2";"Categoria: Uncategorized";"Categoria: Uncategorized — Página 2";"inferida do conteúdo";"Navegacional: reunir artigos associados";"fora do planejamento editorial";"MANTER";"Preservar função e URL existentes.";"src/pages/[...legacy].astro"
"https://reecell.com.br/category/uncategorized/page/3/";"3";"arquivo";"Categoria: Uncategorized — Página 3 | ReeCell";"Categoria: Uncategorized — Página 3";"Categoria: Uncategorized";"Categoria: Uncategorized — Página 3";"inferida do conteúdo";"Navegacional: reunir artigos associados";"fora do planejamento editorial";"MANTER";"Preservar função e URL existentes.";"src/pages/[...legacy].astro"
"https://reecell.com.br/conserto-de-celular-em-bombinhas/";"conserto-de-celular-em-bombinhas";"página";"Conserto de celular em Bombinhas | ReeCell";"Conserto de celular em Bombinhas";"Conserto de celular em Bombinhas";"Conserto de celular em Bombinhas";"inferida do conteúdo";"Transacional local: consultar reparo e orçamento";"já existe e está boa";"MANTER";"Preservar função e URL existentes.";"dist/conserto-de-celular-em-bombinhas/index.html"
"https://reecell.com.br/contato-reecell-bombinhas/";"contato-reecell-bombinhas";"página";"Contato ReeCell Bombinhas | Assistência Técnica";"Vamos cuidar do seu próximo passo.";"Vamos cuidar do seu próximo passo.";"contato ReeCell Bombinhas";"inferida do conteúdo";"Navegacional: conhecer a empresa ou acessar conteúdo/contato";"já existe e está boa";"MANTER";"Preservar função e URL existentes.";"dist/contato-reecell-bombinhas/index.html"
"https://reecell.com.br/tag/assistencia-tecnica-bombinhas/";"assistencia-tecnica-bombinhas";"arquivo";"Tag: assistência técnica Bombinhas | ReeCell";"Tag: assistência técnica Bombinhas";"Tag: assistência técnica Bombinhas";"Tag: assistência técnica Bombinhas";"inferida do conteúdo";"Navegacional: reunir artigos associados";"fora do planejamento editorial";"MANTER";"Preservar função e URL existentes.";"src/pages/[...legacy].astro"
"https://reecell.com.br/tag/assistencia-tecnica-iphone/";"assistencia-tecnica-iphone";"arquivo";"Tag: assistência técnica iPhone | ReeCell";"Tag: assistência técnica iPhone";"Tag: assistência técnica iPhone";"Tag: assistência técnica iPhone";"inferida do conteúdo";"Navegacional: reunir artigos associados";"fora do planejamento editorial";"MANTER";"Preservar função e URL existentes.";"src/pages/[...legacy].astro"
"https://reecell.com.br/tag/assistencia-tecnica-samsung/";"assistencia-tecnica-samsung";"arquivo";"Tag: assistência técnica Samsung | ReeCell";"Tag: assistência técnica Samsung";"Tag: assistência técnica Samsung";"Tag: assistência técnica Samsung";"inferida do conteúdo";"Navegacional: reunir artigos associados";"fora do planejamento editorial";"MANTER";"Preservar função e URL existentes.";"src/pages/[...legacy].astro"
"https://reecell.com.br/tag/bateria-de-celular/";"bateria-de-celular";"arquivo";"Tag: bateria de celular | ReeCell";"Tag: bateria de celular";"Tag: bateria de celular";"Tag: bateria de celular";"inferida do conteúdo";"Navegacional: reunir artigos associados";"fora do planejamento editorial";"MANTER";"Preservar função e URL existentes.";"src/pages/[...legacy].astro"
"https://reecell.com.br/tag/bateria-estufada/";"bateria-estufada";"arquivo";"Tag: bateria estufada | ReeCell";"Tag: bateria estufada";"Tag: bateria estufada";"Tag: bateria estufada";"inferida do conteúdo";"Navegacional: reunir artigos associados";"fora do planejamento editorial";"MANTER";"Preservar função e URL existentes.";"src/pages/[...legacy].astro"
"https://reecell.com.br/tag/bombinhas/";"bombinhas";"arquivo";"Tag: Bombinhas | ReeCell";"Tag: Bombinhas";"Tag: Bombinhas";"Tag: Bombinhas";"inferida do conteúdo";"Navegacional: reunir artigos associados";"fora do planejamento editorial";"MANTER";"Preservar função e URL existentes.";"src/pages/[...legacy].astro"
"https://reecell.com.br/tag/celular-descarregando-rapido/";"celular-descarregando-rapido";"arquivo";"Tag: celular descarregando rápido | ReeCell";"Tag: celular descarregando rápido";"Tag: celular descarregando rápido";"Tag: celular descarregando rápido";"inferida do conteúdo";"Navegacional: reunir artigos associados";"fora do planejamento editorial";"MANTER";"Preservar função e URL existentes.";"src/pages/[...legacy].astro"
"https://reecell.com.br/tag/celular-molhado/";"celular-molhado";"arquivo";"Tag: celular molhado | ReeCell";"Tag: celular molhado";"Tag: celular molhado";"Tag: celular molhado";"inferida do conteúdo";"Navegacional: reunir artigos associados";"fora do planejamento editorial";"MANTER";"Preservar função e URL existentes.";"src/pages/[...legacy].astro"
"https://reecell.com.br/tag/celular-nao-carrega/";"celular-nao-carrega";"arquivo";"Tag: celular não carrega | ReeCell";"Tag: celular não carrega";"Tag: celular não carrega";"Tag: celular não carrega";"inferida do conteúdo";"Navegacional: reunir artigos associados";"fora do planejamento editorial";"MANTER";"Preservar função e URL existentes.";"src/pages/[...legacy].astro"
"https://reecell.com.br/tag/celular-tela-preta/";"celular-tela-preta";"arquivo";"Tag: celular tela preta | ReeCell";"Tag: celular tela preta";"Tag: celular tela preta";"Tag: celular tela preta";"inferida do conteúdo";"Navegacional: reunir artigos associados";"fora do planejamento editorial";"MANTER";"Preservar função e URL existentes.";"src/pages/[...legacy].astro"
"https://reecell.com.br/tag/conector-de-carga/";"conector-de-carga";"arquivo";"Tag: conector de carga | ReeCell";"Tag: conector de carga";"Tag: conector de carga";"Tag: conector de carga";"inferida do conteúdo";"Navegacional: reunir artigos associados";"fora do planejamento editorial";"MANTER";"Preservar função e URL existentes.";"src/pages/[...legacy].astro"
"https://reecell.com.br/tag/consertar-celular-em-bombinhas/";"consertar-celular-em-bombinhas";"arquivo";"Tag: consertar celular em Bombinhas | ReeCell";"Tag: consertar celular em Bombinhas";"Tag: consertar celular em Bombinhas";"Tag: consertar celular em Bombinhas";"inferida do conteúdo";"Navegacional: reunir artigos associados";"fora do planejamento editorial";"MANTER";"Preservar função e URL existentes.";"src/pages/[...legacy].astro"
"https://reecell.com.br/tag/conserto-de-celular/";"conserto-de-celular";"arquivo";"Tag: conserto de celular | ReeCell";"Tag: conserto de celular";"Tag: conserto de celular";"Tag: conserto de celular";"inferida do conteúdo";"Navegacional: reunir artigos associados";"fora do planejamento editorial";"MANTER";"Preservar função e URL existentes.";"src/pages/[...legacy].astro"
"https://reecell.com.br/tag/conserto-de-tela/";"conserto-de-tela";"arquivo";"Tag: conserto de tela | ReeCell";"Tag: conserto de tela";"Tag: conserto de tela";"Tag: conserto de tela";"inferida do conteúdo";"Navegacional: reunir artigos associados";"fora do planejamento editorial";"MANTER";"Preservar função e URL existentes.";"src/pages/[...legacy].astro"
"https://reecell.com.br/tag/diagnostico-celular/";"diagnostico-celular";"arquivo";"Tag: diagnóstico celular | ReeCell";"Tag: diagnóstico celular";"Tag: diagnóstico celular";"Tag: diagnóstico celular";"inferida do conteúdo";"Navegacional: reunir artigos associados";"fora do planejamento editorial";"MANTER";"Preservar função e URL existentes.";"src/pages/[...legacy].astro"
"https://reecell.com.br/tag/iphone-bombinhas/";"iphone-bombinhas";"arquivo";"Tag: iPhone Bombinhas | ReeCell";"Tag: iPhone Bombinhas";"Tag: iPhone Bombinhas";"Tag: iPhone Bombinhas";"inferida do conteúdo";"Navegacional: reunir artigos associados";"fora do planejamento editorial";"MANTER";"Preservar função e URL existentes.";"src/pages/[...legacy].astro"
"https://reecell.com.br/tag/limpeza-de-conector/";"limpeza-de-conector";"arquivo";"Tag: limpeza de conector | ReeCell";"Tag: limpeza de conector";"Tag: limpeza de conector";"Tag: limpeza de conector";"inferida do conteúdo";"Navegacional: reunir artigos associados";"fora do planejamento editorial";"MANTER";"Preservar função e URL existentes.";"src/pages/[...legacy].astro"
"https://reecell.com.br/tag/manutencao-de-celular/";"manutencao-de-celular";"arquivo";"Tag: manutenção de celular | ReeCell";"Tag: manutenção de celular";"Tag: manutenção de celular";"Tag: manutenção de celular";"inferida do conteúdo";"Navegacional: reunir artigos associados";"fora do planejamento editorial";"MANTER";"Preservar função e URL existentes.";"src/pages/[...legacy].astro"
"https://reecell.com.br/tag/problema-na-placa/";"problema-na-placa";"arquivo";"Tag: problema na placa | ReeCell";"Tag: problema na placa";"Tag: problema na placa";"Tag: problema na placa";"inferida do conteúdo";"Navegacional: reunir artigos associados";"fora do planejamento editorial";"MANTER";"Preservar função e URL existentes.";"src/pages/[...legacy].astro"
"https://reecell.com.br/tag/reecell/";"reecell";"arquivo";"Tag: Reecell | ReeCell";"Tag: Reecell";"Tag: Reecell";"Tag: Reecell";"inferida do conteúdo";"Navegacional: reunir artigos associados";"fora do planejamento editorial";"MANTER";"Preservar função e URL existentes.";"src/pages/[...legacy].astro"
"https://reecell.com.br/tag/tela-quebrada/";"tela-quebrada";"arquivo";"Tag: tela quebrada | ReeCell";"Tag: tela quebrada";"Tag: tela quebrada";"Tag: tela quebrada";"inferida do conteúdo";"Navegacional: reunir artigos associados";"fora do planejamento editorial";"MANTER";"Preservar função e URL existentes.";"src/pages/[...legacy].astro"
"https://reecell.com.br/tag/troca-de-bateria/";"troca-de-bateria";"arquivo";"Tag: troca de bateria | ReeCell";"Tag: troca de bateria";"Tag: troca de bateria";"Tag: troca de bateria";"inferida do conteúdo";"Navegacional: reunir artigos associados";"fora do planejamento editorial";"MANTER";"Preservar função e URL existentes.";"src/pages/[...legacy].astro"
"https://reecell.com.br/tag/troca-de-conector/";"troca-de-conector";"arquivo";"Tag: troca de conector | ReeCell";"Tag: troca de conector";"Tag: troca de conector";"Tag: troca de conector";"inferida do conteúdo";"Navegacional: reunir artigos associados";"fora do planejamento editorial";"MANTER";"Preservar função e URL existentes.";"src/pages/[...legacy].astro"
"https://reecell.com.br/tag/troca-de-tela-samsung/";"troca-de-tela-samsung";"arquivo";"Tag: troca de tela Samsung | ReeCell";"Tag: troca de tela Samsung";"Tag: troca de tela Samsung";"Tag: troca de tela Samsung";"inferida do conteúdo";"Navegacional: reunir artigos associados";"fora do planejamento editorial";"MANTER";"Preservar função e URL existentes.";"src/pages/[...legacy].astro"
"https://reecell.com.br/tag/troca-de-tela/";"troca-de-tela";"arquivo";"Tag: troca de tela | ReeCell";"Tag: troca de tela";"Tag: troca de tela";"Tag: troca de tela";"inferida do conteúdo";"Navegacional: reunir artigos associados";"fora do planejamento editorial";"MANTER";"Preservar função e URL existentes.";"src/pages/[...legacy].astro"
"https://reecell.com.br/troca-de-bateria-de-celular-em-bombinhas/";"troca-de-bateria-de-celular-em-bombinhas";"página";"Troca de bateria de celular em Bombinhas | ReeCell";"Troca de bateria de celular em Bombinhas";"Troca de bateria de celular em Bombinhas";"Troca de bateria de celular em Bombinhas";"inferida do conteúdo";"Transacional local: consultar reparo e orçamento";"já existe e está boa";"MANTER";"Preservar função e URL existentes.";"dist/troca-de-bateria-de-celular-em-bombinhas/index.html"
"https://reecell.com.br/troca-de-tela-de-celular-em-bombinhas/";"troca-de-tela-de-celular-em-bombinhas";"página";"Troca de tela de celular em Bombinhas | ReeCell";"Troca de tela de celular em Bombinhas";"Troca de tela de celular em Bombinhas";"Troca de tela de celular em Bombinhas";"inferida do conteúdo";"Transacional local: consultar reparo e orçamento";"já existe e está boa";"MANTER";"Preservar função e URL existentes.";"dist/troca-de-tela-de-celular-em-bombinhas/index.html"
