"keyword";"url";"slug";"title";"h1";"sobreposicao";"status";"acao";"motivo";"relacionados"
"trocar tela celular";"https://reecell.com.br/troca-de-tela-de-celular-em-bombinhas/";"troca-de-tela-de-celular-em-bombinhas";"Troca de tela de celular em Bombinhas | ReeCell";"Troca de tela de celular em Bombinhas";"alta";"já existe e está boa";"MANTER";"A página já oferece avaliação, tipos de dano, orçamento, FAQs e CTA de troca de tela.";"https://reecell.com.br/2026/06/08/tela-de-celular-bombinhas/ | https://reecell.com.br/2026/06/08/tela-trincada-do-celular-posso-continuar-usando-ou-devo-trocar/"
"trocar bateria celular";"https://reecell.com.br/troca-de-bateria-de-celular-em-bombinhas/";"troca-de-bateria-de-celular-em-bombinhas";"Troca de bateria de celular em Bombinhas | ReeCell";"Troca de bateria de celular em Bombinhas";"alta";"já existe e está boa";"MANTER";"A intenção de contratar a troca já está atendida. O artigo de sinais tem papel informacional complementar.";"https://reecell.com.br/2026/06/08/troca-de-bateria-de-celular-sinais/"
"conector de carga celular";"https://reecell.com.br/conserto-de-celular-em-bombinhas/";"conserto-de-celular-em-bombinhas";"Conserto de celular em Bombinhas | ReeCell";"Conserto de celular em Bombinhas";"média";"já existe parcialmente";"EXPANDIR";"Para a prioridade comercial informada, expandir o bloco de avaliação do conector, consulta de modelo e orçamento na página de conserto. Não criar serviço paralelo. O artigo explica sintomas, mas não substitui a intenção comercial.";"https://reecell.com.br/2026/06/08/conector-de-carga-com-defeito-sinais/ | https://reecell.com.br/2026/06/08/iphone-nao-carrega-causas-solucoes/"
"celular não carrega";"https://reecell.com.br/2026/06/08/conector-de-carga-com-defeito-sinais/";"conector-de-carga-com-defeito-sinais";"Conector de carga com defeito: sinais de que precisa trocar | ReeCell";"Conector de carga com defeito: sinais de que precisa trocar";"média";"já existe parcialmente";"EXPANDIR";"Já compara cabo, fonte, tomada, bateria, sistema e placa e inclui ausência de carga. Expandir a triagem do sintoma sem afirmar que todo caso é conector; preservar slug. O artigo de iPhone cobre uma marca, e o de carga lenta cobre outro comportamento.";"https://reecell.com.br/2026/06/08/iphone-nao-carrega-causas-solucoes/ | https://reecell.com.br/2026/06/15/celular-carregando-lentamente/"
"celular não liga";"https://reecell.com.br/2026/06/08/celular-nao-liga-principais-causas/";"celular-nao-liga-principais-causas";"Celular não liga: principais causas e quando procurar assistência | ReeCell";"Celular não liga: principais causas e quando procurar assistência";"alta";"já existe e está boa";"MANTER";"Cobre inicialização, bateria, conector, queda, líquido, tela preta e momento de procurar avaliação.";"https://reecell.com.br/2026/06/08/celular-desligando-sozinho-bateria-sistema-placa/"
"celular caiu na água";"https://reecell.com.br/2026/06/08/celular-caiu-na-agua-o-que-fazer/";"celular-caiu-na-agua-o-que-fazer";"Celular caiu na água: o que fazer antes de levar na assistência? | ReeCell";"Celular caiu na água: o que fazer antes de levar na assistência?";"alta";"há canibalização";"CONSOLIDAR";"Principal editorial provisória: absorver os detalhes úteis do artigo molhou na praia. Ambos já cobrem primeiros cuidados, água salgada, falhas posteriores e perguntas equivalentes.";"https://reecell.com.br/2026/06/15/celular-molhou-na-praia/"
"celular caiu no mar";"https://reecell.com.br/2026/06/08/celular-caiu-na-agua-o-que-fazer/";"celular-caiu-na-agua-o-que-fazer";"Celular caiu na água: o que fazer antes de levar na assistência? | ReeCell";"Celular caiu na água: o que fazer antes de levar na assistência?";"alta";"há canibalização";"CONSOLIDAR";"Mesma principal do grupo água. Já existe seção Água do mar: por que o sal exige atenção? Incorporar areia e resistência à água do artigo molhou na praia antes de qualquer redirect.";"https://reecell.com.br/2026/06/15/celular-molhou-na-praia/"
"touch do celular não funciona";"https://reecell.com.br/troca-de-tela-de-celular-em-bombinhas/";"troca-de-tela-de-celular-em-bombinhas";"Troca de tela de celular em Bombinhas | ReeCell";"Troca de tela de celular em Bombinhas";"média";"já existe parcialmente";"EXPANDIR";"Há avaliação de falhas no toque na página e no artigo de tela trincada. Expandir a orientação na URL de serviço para diferenciar falha com e sem trinca, sem presumir troca de tela. Artigos atuais não cobrem integralmente o diagnóstico genérico do touch.";"https://reecell.com.br/2026/06/08/tela-trincada-do-celular-posso-continuar-usando-ou-devo-trocar/ | https://reecell.com.br/2026/06/15/iphone-com-tela-quebrada-em-bombinhas/"
"celular esquentando muito";"https://reecell.com.br/2026/06/16/celular-esquentando-muito/";"celular-esquentando-muito";"Celular Esquentando Muito: Causas e Riscos Para o Aparelho | ReeCell";"Celular Esquentando Muito: Causas e Riscos Para o Aparelho";"alta";"já existe e está boa";"MANTER";"Já trata calor no uso, carregamento, ambiente, bateria, aplicativos, sinais e avaliação. Esquentando e superaquecendo pertencem a esta URL.";"https://reecell.com.br/2026/06/08/troca-de-bateria-de-celular-sinais/"
"celular reiniciando sozinho";"https://reecell.com.br/2026/06/08/celular-desligando-sozinho-bateria-sistema-placa/";"celular-desligando-sozinho-bateria-sistema-placa";"Celular desligando sozinho: é bateria, sistema ou placa? | ReeCell";"Celular desligando sozinho: é bateria, sistema ou placa?";"média";"já existe parcialmente";"EXPANDIR";"O corpo cita reinicialização por software e loop, e o CTA pede diferenciar reiniciar de permanecer desligado. Criar seção explícita dessa diferença e ampliar FAQs, preservando a URL.";"https://reecell.com.br/2026/06/08/celular-nao-liga-principais-causas/"
"celular não reconhece carregador";"https://reecell.com.br/2026/06/08/conector-de-carga-com-defeito-sinais/";"conector-de-carga-com-defeito-sinais";"Conector de carga com defeito: sinais de que precisa trocar | ReeCell";"Conector de carga com defeito: sinais de que precisa trocar";"alta";"já existe, mas precisa atualização";"EXPANDIR";"O sintoma é citado literalmente, com cabo, fonte, sujeira e incompatibilidade. Ampliar a explicação no mesmo trabalho de celular não carrega, sem outro artigo.";"https://reecell.com.br/2026/06/08/iphone-nao-carrega-causas-solucoes/ | https://reecell.com.br/2026/06/15/celular-carregando-lentamente/"
"bateria descarregando rápido";"https://reecell.com.br/2026/06/08/troca-de-bateria-de-celular-sinais/";"troca-de-bateria-de-celular-sinais";"Troca de bateria de celular: sinais de que está na hora | ReeCell";"Troca de bateria de celular: sinais de que está na hora";"alta";"já existe, mas precisa atualização";"EXPANDIR";"O artigo já aborda pouca autonomia e desgaste. Expandir distinção entre consumo por uso/aplicativos e defeito; relacionar à página comercial existente.";"https://reecell.com.br/troca-de-bateria-de-celular-em-bombinhas/ | https://reecell.com.br/2026/06/08/celular-desligando-sozinho-bateria-sistema-placa/"
"tela celular piscando";"https://reecell.com.br/troca-de-tela-de-celular-em-bombinhas/";"troca-de-tela-de-celular-em-bombinhas";"Troca de tela de celular em Bombinhas | ReeCell";"Troca de tela de celular em Bombinhas";"média";"já existe parcialmente";"EXPANDIR";"Concentrar orientação geral de falhas de imagem no serviço existente. Os artigos citam piscar, mas estão limitados a Samsung/tela verde ou trinca; não equivalem a um guia genérico. Ampliar seção de sintomas antes de avaliar necessidade de artigo separado.";"https://reecell.com.br/2026/06/08/samsung-com-tela-verde-o-que-pode-ser/ | https://reecell.com.br/2026/06/08/tela-trincada-do-celular-posso-continuar-usando-ou-devo-trocar/"
"tela celular manchada";"https://reecell.com.br/troca-de-tela-de-celular-em-bombinhas/";"troca-de-tela-de-celular-em-bombinhas";"Troca de tela de celular em Bombinhas | ReeCell";"Troca de tela de celular em Bombinhas";"média";"já existe parcialmente";"EXPANDIR";"A página já trata manchas e diferencia vidro, toque e display. Expandir manchas sem vidro quebrado e sinais após queda/líquido. Samsung verde e tela trincada são correspondências parciais, não justificativa para declarar cobertura integral.";"https://reecell.com.br/2026/06/08/samsung-com-tela-verde-o-que-pode-ser/ | https://reecell.com.br/2026/06/08/tela-trincada-do-celular-posso-continuar-usando-ou-devo-trocar/"
"quanto custa trocar tela celular";"https://reecell.com.br/2026/06/08/tela-de-celular-bombinhas/";"tela-de-celular-bombinhas";"Quanto custa trocar a tela do celular em Bombinhas? Veja o que influencia no valor | ReeCell";"Quanto custa trocar a tela do celular em Bombinhas? Veja o que influencia no valor";"alta";"já existe, mas precisa atualização";"ATUALIZAR";"Title, H1 e abertura já respondem ao custo e seus fatores. Ajustar primaryKeyword ao preço/orçamento e reforçar link ao serviço. Preservar slug e não inventar tabela de preços.";"https://reecell.com.br/troca-de-tela-de-celular-em-bombinhas/ | https://reecell.com.br/2026/06/15/iphone-com-tela-quebrada-em-bombinhas/"
