"oldPath";"finalPath";"treatment";"reason"
"/author-sitemap.xml";"/sitemap.xml";"301";"Sitemap legado substituído pelo sitemap XML único com as URLs finais."
"/category-sitemap.xml";"/sitemap.xml";"301";"Sitemap legado substituído pelo sitemap XML único com as URLs finais."
"/home-v3/";"/";"301";"Versão alternativa da página inicial; H1 antigo: Loja de celular em Bombinhas com assistência técnica. A Home atual cumpre a mesma finalidade."
"/page-sitemap.xml";"/sitemap.xml";"301";"Sitemap legado substituído pelo sitemap XML único com as URLs finais."
"/post_tag-sitemap.xml";"/sitemap.xml";"301";"Sitemap legado substituído pelo sitemap XML único com as URLs finais."
"/post-sitemap.xml";"/sitemap.xml";"301";"Sitemap legado substituído pelo sitemap XML único com as URLs finais."
"/sitemap_index.xml";"/sitemap.xml";"301";"Sitemap legado substituído pelo sitemap XML único com as URLs finais."
"/tag/celular-desligando-sozinho/";"/2026/06/08/celular-desligando-sozinho-bateria-sistema-placa/";"301";"Arquivo “celular desligando sozinho” contém somente o artigo de mesmo assunto, confirmado no WordPress. Consolidação direta nesse artigo."
"/tag/celular-nao-liga/";"/2026/06/08/celular-nao-liga-principais-causas/";"301";"Arquivo “celular não liga” contém somente o artigo de mesmo assunto, confirmado no WordPress. Consolidação direta nesse artigo."
"/tag/conector-de-carga-com-defeito/";"/2026/06/08/conector-de-carga-com-defeito-sinais/";"301";"Arquivo “conector de carga com defeito” contém somente o artigo de mesmo assunto, confirmado no WordPress. Consolidação direta nesse artigo."
"/tag/iphone-nao-carrega/";"/2026/06/08/iphone-nao-carrega-causas-solucoes/";"301";"Arquivo “iPhone não carrega” contém somente o artigo de mesmo assunto, confirmado no WordPress. Consolidação direta nesse artigo."
"/tag/samsung-com-tela-verde/";"/2026/06/08/samsung-com-tela-verde-o-que-pode-ser/";"301";"Arquivo “Samsung com tela verde” contém somente o artigo de mesmo assunto, confirmado no WordPress. Consolidação direta nesse artigo."
"/tag/tela-trincada-do-celular/";"/2026/06/08/tela-trincada-do-celular-posso-continuar-usando-ou-devo-trocar/";"301";"Arquivo “tela trincada do celular” contém somente o artigo de mesmo assunto, confirmado no WordPress. Consolidação direta nesse artigo."
"/tag/tela-verde-samsung/";"/2026/06/08/samsung-com-tela-verde-o-que-pode-ser/";"301";"Arquivo “tela verde Samsung” contém somente o artigo de mesmo assunto, confirmado no WordPress. Consolidação direta nesse artigo."
